accuracy,loss,val_accuracy,val_loss,learning_rate
0.2708333432674408,1.8962671756744385,0.588850200176239,1.331539511680603,0.0005000000237487257
