accuracy,loss,val_accuracy,val_loss,learning_rate
0.25814175605773926,1.8351387977600098,0.19143006205558777,1.955721139907837,9.999999747378752e-05
